Date,Province,VALUE
2017-01-01,Alberta,160.8
2017-02-01,Alberta,145
2017-03-01,Alberta,144
2017-04-01,Alberta,162.3
2017-05-01,Alberta,150.9
2017-06-01,Alberta,146.5
2017-07-01,Alberta,146
2017-08-01,Alberta,151.6
2017-09-01,Alberta,154.4
2017-10-01,Alberta,154.8
2017-11-01,Alberta,173.7
2017-12-01,Alberta,161.9
2018-01-01,Alberta,169.8
2018-02-01,Alberta,166.2
2018-03-01,Alberta,175.1
2018-04-01,Alberta,191
2018-05-01,Alberta,198.6
2018-06-01,Alberta,194.6
2018-07-01,Alberta,202.2
2018-08-01,Alberta,197.6
2018-09-01,Alberta,197.9
2018-10-01,Alberta,187
2018-11-01,Alberta,167.3
2018-12-01,Alberta,150.3
2019-01-01,Alberta,146
2019-02-01,Alberta,155.8
2019-03-01,Alberta,173.1
2019-04-01,Alberta,186.7
2019-05-01,Alberta,184.8
2019-06-01,Alberta,159.8
2019-07-01,Alberta,166
2019-08-01,Alberta,156.8
2019-09-01,Alberta,156.2
2019-10-01,Alberta,154.3
2019-11-01,Alberta,150.3
2019-12-01,Alberta,151.6
2020-01-01,Alberta,155.7
2020-02-01,Alberta,151.9
2020-03-01,Alberta,122.9
2020-04-01,Alberta,101.4
2020-05-01,Alberta,132.6
2020-06-01,Alberta,145.4
2020-07-01,Alberta,149.6
2020-08-01,Alberta,147.9
2020-09-01,Alberta,158.2
2020-10-01,Alberta,153.2
2020-11-01,Alberta,151.1
2020-12-01,Alberta,152.6
2021-01-01,Alberta,157.8
2021-02-01,Alberta,170.5
2021-03-01,Alberta,179.4
2021-04-01,Alberta,188.4
2021-05-01,Alberta,194.1
2021-06-01,Alberta,197.9
2021-07-01,Alberta,207.1
2021-08-01,Alberta,206.7
2021-09-01,Alberta,203.4
2021-10-01,Alberta,215.3
2021-11-01,Alberta,214.8
2021-12-01,Alberta,209.2
2022-01-01,Alberta,210.6
2022-02-01,Alberta,221.8
2022-03-01,Alberta,251.6
2022-04-01,Alberta,236.4
2022-05-01,Alberta,254.7
2022-06-01,Alberta,289
2022-07-01,Alberta,278.7
2022-08-01,Alberta,231.4
2022-09-01,Alberta,217.1
2022-10-01,Alberta,254.2
2022-11-01,Alberta,229.7
2022-12-01,Alberta,193.9
2023-01-01,Alberta,197.2
2023-02-01,Alberta,192.4
2023-03-01,Alberta,202.1
2023-04-01,Alberta,220.1
2023-05-01,Alberta,219.2
2023-06-01,Alberta,218.9
2023-07-01,Alberta,214.7
2023-08-01,Alberta,223.4
2023-09-01,Alberta,220.2
2023-10-01,Alberta,213.7
2023-11-01,Alberta,203.8
2023-12-01,Alberta,187.7
2024-01-01,Alberta,190.7
2024-02-01,Alberta,204.8
2024-03-01,Alberta,223.2
2024-04-01,Alberta,242.8
2024-05-01,Alberta,237.7
2024-06-01,Alberta,234.3
2024-07-01,Alberta,242
2024-08-01,Alberta,238.5
2024-09-01,Alberta,218.6
2024-10-01,Alberta,223.4
2024-11-01,Alberta,217.8
2024-12-01,Alberta,214.7
2025-01-01,Alberta,226.7
2025-02-01,Alberta,229.5
2025-03-01,Alberta,226.6
2025-04-01,Alberta,198.5
2025-05-01,Alberta,201
2025-06-01,Alberta,200.1
2025-07-01,Alberta,198.8
2025-08-01,Alberta,202.7
2025-09-01,Alberta,202.8
2017-01-01,British Columbia,174.6
2017-02-01,British Columbia,168
2017-03-01,British Columbia,176.6
2017-04-01,British Columbia,183.1
2017-05-01,British Columbia,177.8
2017-06-01,British Columbia,172.7
2017-07-01,British Columbia,172
2017-08-01,British Columbia,180.1
2017-09-01,British Columbia,182.8
2017-10-01,British Columbia,180.1
2017-11-01,British Columbia,191.8
2017-12-01,British Columbia,182.5
2018-01-01,British Columbia,186.5
2018-02-01,British Columbia,189
2018-03-01,British Columbia,198.8
2018-04-01,British Columbia,206.3
2018-05-01,British Columbia,215
2018-06-01,British Columbia,209.5
2018-07-01,British Columbia,212.4
2018-08-01,British Columbia,205.1
2018-09-01,British Columbia,205
2018-10-01,British Columbia,208.7
2018-11-01,British Columbia,193.3
2018-12-01,British Columbia,185.6
2019-01-01,British Columbia,178.3
2019-02-01,British Columbia,180.6
2019-03-01,British Columbia,197.2
2019-04-01,British Columbia,219.3
2019-05-01,British Columbia,223.3
2019-06-01,British Columbia,204.5
2019-07-01,British Columbia,202
2019-08-01,British Columbia,195.4
2019-09-01,British Columbia,200.5
2019-10-01,British Columbia,206
2019-11-01,British Columbia,190.5
2019-12-01,British Columbia,186.7
2020-01-01,British Columbia,192.7
2020-02-01,British Columbia,195.9
2020-03-01,British Columbia,167.5
2020-04-01,British Columbia,134.6
2020-05-01,British Columbia,154
2020-06-01,British Columbia,172.9
2020-07-01,British Columbia,178.8
2020-08-01,British Columbia,177.3
2020-09-01,British Columbia,173.7
2020-10-01,British Columbia,169
2020-11-01,British Columbia,167
2020-12-01,British Columbia,169.2
2021-01-01,British Columbia,180.5
2021-02-01,British Columbia,191.9
2021-03-01,British Columbia,204.3
2021-04-01,British Columbia,206.7
2021-05-01,British Columbia,212.6
2021-06-01,British Columbia,217
2021-07-01,British Columbia,230.6
2021-08-01,British Columbia,227.5
2021-09-01,British Columbia,217.9
2021-10-01,British Columbia,224.5
2021-11-01,British Columbia,221.6
2021-12-01,British Columbia,215.4
2022-01-01,British Columbia,231.1
2022-02-01,British Columbia,240.2
2022-03-01,British Columbia,275.9
2022-04-01,British Columbia,274.6
2022-05-01,British Columbia,301.9
2022-06-01,British Columbia,314.4
2022-07-01,British Columbia,288.2
2022-08-01,British Columbia,267.7
2022-09-01,British Columbia,276.7
2022-10-01,British Columbia,289.6
2022-11-01,British Columbia,259.3
2022-12-01,British Columbia,228.8
2023-01-01,British Columbia,245
2023-02-01,British Columbia,249.5
2023-03-01,British Columbia,252.1
2023-04-01,British Columbia,259.5
2023-05-01,British Columbia,257.6
2023-06-01,British Columbia,272.4
2023-07-01,British Columbia,266.5
2023-08-01,British Columbia,276.5
2023-09-01,British Columbia,274.8
2023-10-01,British Columbia,258.1
2023-11-01,British Columbia,247.8
2023-12-01,British Columbia,236.4
2024-01-01,British Columbia,227.8
2024-02-01,British Columbia,238.7
2024-03-01,British Columbia,263.2
2024-04-01,British Columbia,281.3
2024-05-01,British Columbia,273.4
2024-06-01,British Columbia,255.9
2024-07-01,British Columbia,253.5
2024-08-01,British Columbia,248.7
2024-09-01,British Columbia,241.2
2024-10-01,British Columbia,240.3
2024-11-01,British Columbia,239.8
2024-12-01,British Columbia,236.5
2025-01-01,British Columbia,247.6
2025-02-01,British Columbia,256.7
2025-03-01,British Columbia,250
2025-04-01,British Columbia,223.8
2025-05-01,British Columbia,233.8
2025-06-01,British Columbia,226.5
2025-07-01,British Columbia,222.8
2025-08-01,British Columbia,231.2
2025-09-01,British Columbia,233.1
2017-01-01,Manitoba,155.3
2017-02-01,Manitoba,146.1
2017-03-01,Manitoba,145
2017-04-01,Manitoba,155.4
2017-05-01,Manitoba,143.1
2017-06-01,Manitoba,140.2
2017-07-01,Manitoba,134.5
2017-08-01,Manitoba,138.9
2017-09-01,Manitoba,154.1
2017-10-01,Manitoba,153.3
2017-11-01,Manitoba,167.6
2017-12-01,Manitoba,158.6
2018-01-01,Manitoba,164.5
2018-02-01,Manitoba,160.2
2018-03-01,Manitoba,164.3
2018-04-01,Manitoba,185.5
2018-05-01,Manitoba,192
2018-06-01,Manitoba,191.9
2018-07-01,Manitoba,189.2
2018-08-01,Manitoba,180.8
2018-09-01,Manitoba,178.9
2018-10-01,Manitoba,170.8
2018-11-01,Manitoba,157.3
2018-12-01,Manitoba,147.3
2019-01-01,Manitoba,138.7
2019-02-01,Manitoba,149.9
2019-03-01,Manitoba,166.4
2019-04-01,Manitoba,192
2019-05-01,Manitoba,188.6
2019-06-01,Manitoba,174.3
2019-07-01,Manitoba,176.4
2019-08-01,Manitoba,166
2019-09-01,Manitoba,166.6
2019-10-01,Manitoba,170.8
2019-11-01,Manitoba,164.9
2019-12-01,Manitoba,159.4
2020-01-01,Manitoba,156.8
2020-02-01,Manitoba,157.8
2020-03-01,Manitoba,130.7
2020-04-01,Manitoba,105.1
2020-05-01,Manitoba,131.3
2020-06-01,Manitoba,146.9
2020-07-01,Manitoba,153.7
2020-08-01,Manitoba,150.6
2020-09-01,Manitoba,148.8
2020-10-01,Manitoba,155.7
2020-11-01,Manitoba,147.8
2020-12-01,Manitoba,147.3
2021-01-01,Manitoba,158.2
2021-02-01,Manitoba,167.8
2021-03-01,Manitoba,178
2021-04-01,Manitoba,188.4
2021-05-01,Manitoba,196.2
2021-06-01,Manitoba,195.2
2021-07-01,Manitoba,201.9
2021-08-01,Manitoba,202.2
2021-09-01,Manitoba,202.2
2021-10-01,Manitoba,216.7
2021-11-01,Manitoba,213.2
2021-12-01,Manitoba,201
2022-01-01,Manitoba,212.7
2022-02-01,Manitoba,225.8
2022-03-01,Manitoba,260.4
2022-04-01,Manitoba,262.1
2022-05-01,Manitoba,280.6
2022-06-01,Manitoba,314.5
2022-07-01,Manitoba,291
2022-08-01,Manitoba,260.4
2022-09-01,Manitoba,259.3
2022-10-01,Manitoba,282.5
2022-11-01,Manitoba,263.2
2022-12-01,Manitoba,231.6
2023-01-01,Manitoba,226.3
2023-02-01,Manitoba,234.8
2023-03-01,Manitoba,232.7
2023-04-01,Manitoba,249.2
2023-05-01,Manitoba,250.2
2023-06-01,Manitoba,242
2023-07-01,Manitoba,241.8
2023-08-01,Manitoba,250.6
2023-09-01,Manitoba,250.9
2023-10-01,Manitoba,239.4
2023-11-01,Manitoba,232.8
2023-12-01,Manitoba,210.2
2024-01-01,Manitoba,180.5
2024-02-01,Manitoba,193
2024-03-01,Manitoba,208.1
2024-04-01,Manitoba,217.5
2024-05-01,Manitoba,217.2
2024-06-01,Manitoba,210.7
2024-07-01,Manitoba,222
2024-08-01,Manitoba,225.6
2024-09-01,Manitoba,203.1
2024-10-01,Manitoba,200.5
2024-11-01,Manitoba,196.2
2024-12-01,Manitoba,196.2
2025-01-01,Manitoba,227.2
2025-02-01,Manitoba,237.5
2025-03-01,Manitoba,233.4
2025-04-01,Manitoba,201.4
2025-05-01,Manitoba,202.5
2025-06-01,Manitoba,203
2025-07-01,Manitoba,206.4
2025-08-01,Manitoba,211
2025-09-01,Manitoba,207.3
2017-01-01,New Brunswick,151.5
2017-02-01,New Brunswick,144.1
2017-03-01,New Brunswick,142
2017-04-01,New Brunswick,149.6
2017-05-01,New Brunswick,145.3
2017-06-01,New Brunswick,142.5
2017-07-01,New Brunswick,139.3
2017-08-01,New Brunswick,144.3
2017-09-01,New Brunswick,155.2
2017-10-01,New Brunswick,145.4
2017-11-01,New Brunswick,155.6
2017-12-01,New Brunswick,151.4
2018-01-01,New Brunswick,154.3
2018-02-01,New Brunswick,153.4
2018-03-01,New Brunswick,153.3
2018-04-01,New Brunswick,165.2
2018-05-01,New Brunswick,173.5
2018-06-01,New Brunswick,169.7
2018-07-01,New Brunswick,170.8
2018-08-01,New Brunswick,170.5
2018-09-01,New Brunswick,170.9
2018-10-01,New Brunswick,169.9
2018-11-01,New Brunswick,153.1
2018-12-01,New Brunswick,141.9
2019-01-01,New Brunswick,137.4
2019-02-01,New Brunswick,140.4
2019-03-01,New Brunswick,154.3
2019-04-01,New Brunswick,175.2
2019-05-01,New Brunswick,175.4
2019-06-01,New Brunswick,160.5
2019-07-01,New Brunswick,167.1
2019-08-01,New Brunswick,161.7
2019-09-01,New Brunswick,158.8
2019-10-01,New Brunswick,159.4
2019-11-01,New Brunswick,160.3
2019-12-01,New Brunswick,159.6
2020-01-01,New Brunswick,158.9
2020-02-01,New Brunswick,152.7
2020-03-01,New Brunswick,128.6
2020-04-01,New Brunswick,99.5
2020-05-01,New Brunswick,112.1
2020-06-01,New Brunswick,125.6
2020-07-01,New Brunswick,132.9
2020-08-01,New Brunswick,131.1
2020-09-01,New Brunswick,131.4
2020-10-01,New Brunswick,131.1
2020-11-01,New Brunswick,127.7
2020-12-01,New Brunswick,133.4
2021-01-01,New Brunswick,143.4
2021-02-01,New Brunswick,151.8
2021-03-01,New Brunswick,166.3
2021-04-01,New Brunswick,169.7
2021-05-01,New Brunswick,173.5
2021-06-01,New Brunswick,175.6
2021-07-01,New Brunswick,183.1
2021-08-01,New Brunswick,183.7
2021-09-01,New Brunswick,185.6
2021-10-01,New Brunswick,192.9
2021-11-01,New Brunswick,196.5
2021-12-01,New Brunswick,187.7
2022-01-01,New Brunswick,191.7
2022-02-01,New Brunswick,206.3
2022-03-01,New Brunswick,228.2
2022-04-01,New Brunswick,234.7
2022-05-01,New Brunswick,261.3
2022-06-01,New Brunswick,283.2
2022-07-01,New Brunswick,258.1
2022-08-01,New Brunswick,238.4
2022-09-01,New Brunswick,213.4
2022-10-01,New Brunswick,227.2
2022-11-01,New Brunswick,234
2022-12-01,New Brunswick,201.3
2023-01-01,New Brunswick,212
2023-02-01,New Brunswick,213.7
2023-03-01,New Brunswick,211.3
2023-04-01,New Brunswick,228
2023-05-01,New Brunswick,214.3
2023-06-01,New Brunswick,217.4
2023-07-01,New Brunswick,229.7
2023-08-01,New Brunswick,245.6
2023-09-01,New Brunswick,248.1
2023-10-01,New Brunswick,225.4
2023-11-01,New Brunswick,215.9
2023-12-01,New Brunswick,208.7
2024-01-01,New Brunswick,205.8
2024-02-01,New Brunswick,213.6
2024-03-01,New Brunswick,220
2024-04-01,New Brunswick,240.2
2024-05-01,New Brunswick,233
2024-06-01,New Brunswick,225.2
2024-07-01,New Brunswick,230.9
2024-08-01,New Brunswick,223.3
2024-09-01,New Brunswick,206.3
2024-10-01,New Brunswick,209.2
2024-11-01,New Brunswick,211.4
2024-12-01,New Brunswick,209
2025-01-01,New Brunswick,216.9
2025-02-01,New Brunswick,220.1
2025-03-01,New Brunswick,211.8
2025-04-01,New Brunswick,186.3
2025-05-01,New Brunswick,189.4
2025-06-01,New Brunswick,189.1
2025-07-01,New Brunswick,189.8
2025-08-01,New Brunswick,192.4
2025-09-01,New Brunswick,196.7
2017-01-01,Newfoundland and Labrador,177.2
2017-02-01,Newfoundland and Labrador,169.8
2017-03-01,Newfoundland and Labrador,165.8
2017-04-01,Newfoundland and Labrador,174.4
2017-05-01,Newfoundland and Labrador,169.9
2017-06-01,Newfoundland and Labrador,150.7
2017-07-01,Newfoundland and Labrador,149.7
2017-08-01,Newfoundland and Labrador,153.4
2017-09-01,Newfoundland and Labrador,164.9
2017-10-01,Newfoundland and Labrador,157.2
2017-11-01,Newfoundland and Labrador,166.3
2017-12-01,Newfoundland and Labrador,155.6
2018-01-01,Newfoundland and Labrador,158.6
2018-02-01,Newfoundland and Labrador,159.8
2018-03-01,Newfoundland and Labrador,160
2018-04-01,Newfoundland and Labrador,171.4
2018-05-01,Newfoundland and Labrador,179.2
2018-06-01,Newfoundland and Labrador,175.5
2018-07-01,Newfoundland and Labrador,176.3
2018-08-01,Newfoundland and Labrador,173.4
2018-09-01,Newfoundland and Labrador,172
2018-10-01,Newfoundland and Labrador,171.7
2018-11-01,Newfoundland and Labrador,155.4
2018-12-01,Newfoundland and Labrador,144.2
2019-01-01,Newfoundland and Labrador,140.9
2019-02-01,Newfoundland and Labrador,147.2
2019-03-01,Newfoundland and Labrador,159.8
2019-04-01,Newfoundland and Labrador,171.8
2019-05-01,Newfoundland and Labrador,171.4
2019-06-01,Newfoundland and Labrador,157
2019-07-01,Newfoundland and Labrador,166.6
2019-08-01,Newfoundland and Labrador,160.6
2019-09-01,Newfoundland and Labrador,158
2019-10-01,Newfoundland and Labrador,157.9
2019-11-01,Newfoundland and Labrador,158.9
2019-12-01,Newfoundland and Labrador,158.7
2020-01-01,Newfoundland and Labrador,160.6
2020-02-01,Newfoundland and Labrador,156.4
2020-03-01,Newfoundland and Labrador,132.5
2020-04-01,Newfoundland and Labrador,106.1
2020-05-01,Newfoundland and Labrador,118.9
2020-06-01,Newfoundland and Labrador,133.7
2020-07-01,Newfoundland and Labrador,139.2
2020-08-01,Newfoundland and Labrador,138.5
2020-09-01,Newfoundland and Labrador,138.4
2020-10-01,Newfoundland and Labrador,143.1
2020-11-01,Newfoundland and Labrador,145.1
2020-12-01,Newfoundland and Labrador,151.6
2021-01-01,Newfoundland and Labrador,161.5
2021-02-01,Newfoundland and Labrador,169
2021-03-01,Newfoundland and Labrador,183.1
2021-04-01,Newfoundland and Labrador,182.6
2021-05-01,Newfoundland and Labrador,185.6
2021-06-01,Newfoundland and Labrador,187.5
2021-07-01,Newfoundland and Labrador,198.3
2021-08-01,Newfoundland and Labrador,196.7
2021-09-01,Newfoundland and Labrador,199.2
2021-10-01,Newfoundland and Labrador,207.4
2021-11-01,Newfoundland and Labrador,206
2021-12-01,Newfoundland and Labrador,196.5
2022-01-01,Newfoundland and Labrador,206.1
2022-02-01,Newfoundland and Labrador,221.1
2022-03-01,Newfoundland and Labrador,242.7
2022-04-01,Newfoundland and Labrador,245.4
2022-05-01,Newfoundland and Labrador,278.4
2022-06-01,Newfoundland and Labrador,283.8
2022-07-01,Newfoundland and Labrador,258.9
2022-08-01,Newfoundland and Labrador,238.2
2022-09-01,Newfoundland and Labrador,215.7
2022-10-01,Newfoundland and Labrador,232.8
2022-11-01,Newfoundland and Labrador,234.2
2022-12-01,Newfoundland and Labrador,204.1
2023-01-01,Newfoundland and Labrador,214
2023-02-01,Newfoundland and Labrador,214.8
2023-03-01,Newfoundland and Labrador,213.5
2023-04-01,Newfoundland and Labrador,225.3
2023-05-01,Newfoundland and Labrador,214
2023-06-01,Newfoundland and Labrador,217.7
2023-07-01,Newfoundland and Labrador,225.9
2023-08-01,Newfoundland and Labrador,242.9
2023-09-01,Newfoundland and Labrador,245.5
2023-10-01,Newfoundland and Labrador,224.8
2023-11-01,Newfoundland and Labrador,217.6
2023-12-01,Newfoundland and Labrador,210.8
2024-01-01,Newfoundland and Labrador,208.5
2024-02-01,Newfoundland and Labrador,217.8
2024-03-01,Newfoundland and Labrador,224.3
2024-04-01,Newfoundland and Labrador,243.5
2024-05-01,Newfoundland and Labrador,239.2
2024-06-01,Newfoundland and Labrador,229
2024-07-01,Newfoundland and Labrador,233.6
2024-08-01,Newfoundland and Labrador,227
2024-09-01,Newfoundland and Labrador,210.8
2024-10-01,Newfoundland and Labrador,213
2024-11-01,Newfoundland and Labrador,214.3
2024-12-01,Newfoundland and Labrador,212.9
2025-01-01,Newfoundland and Labrador,219.4
2025-02-01,Newfoundland and Labrador,222.3
2025-03-01,Newfoundland and Labrador,217.7
2025-04-01,Newfoundland and Labrador,193.1
2025-05-01,Newfoundland and Labrador,193.5
2025-06-01,Newfoundland and Labrador,194.4
2025-07-01,Newfoundland and Labrador,194.1
2025-08-01,Newfoundland and Labrador,196.3
2025-09-01,Newfoundland and Labrador,200.5
2017-01-01,Nova Scotia,151.6
2017-02-01,Nova Scotia,141.9
2017-03-01,Nova Scotia,140.3
2017-04-01,Nova Scotia,150.7
2017-05-01,Nova Scotia,144.6
2017-06-01,Nova Scotia,140.9
2017-07-01,Nova Scotia,139.1
2017-08-01,Nova Scotia,143.8
2017-09-01,Nova Scotia,156
2017-10-01,Nova Scotia,144
2017-11-01,Nova Scotia,156.3
2017-12-01,Nova Scotia,150.9
2018-01-01,Nova Scotia,155.4
2018-02-01,Nova Scotia,153.9
2018-03-01,Nova Scotia,153.8
2018-04-01,Nova Scotia,167.4
2018-05-01,Nova Scotia,175.7
2018-06-01,Nova Scotia,169.1
2018-07-01,Nova Scotia,170.1
2018-08-01,Nova Scotia,167.1
2018-09-01,Nova Scotia,166.5
2018-10-01,Nova Scotia,165.3
2018-11-01,Nova Scotia,145.8
2018-12-01,Nova Scotia,134.9
2019-01-01,Nova Scotia,133.7
2019-02-01,Nova Scotia,139.4
2019-03-01,Nova Scotia,157.3
2019-04-01,Nova Scotia,172
2019-05-01,Nova Scotia,169.5
2019-06-01,Nova Scotia,149.6
2019-07-01,Nova Scotia,161.7
2019-08-01,Nova Scotia,154.1
2019-09-01,Nova Scotia,151.8
2019-10-01,Nova Scotia,152.3
2019-11-01,Nova Scotia,153.4
2019-12-01,Nova Scotia,151.5
2020-01-01,Nova Scotia,151.7
2020-02-01,Nova Scotia,145.1
2020-03-01,Nova Scotia,115.6
2020-04-01,Nova Scotia,92.1
2020-05-01,Nova Scotia,106
2020-06-01,Nova Scotia,121.4
2020-07-01,Nova Scotia,129.8
2020-08-01,Nova Scotia,128
2020-09-01,Nova Scotia,127.3
2020-10-01,Nova Scotia,127.2
2020-11-01,Nova Scotia,123
2020-12-01,Nova Scotia,130.3
2021-01-01,Nova Scotia,145.1
2021-02-01,Nova Scotia,155.7
2021-03-01,Nova Scotia,168.5
2021-04-01,Nova Scotia,168.6
2021-05-01,Nova Scotia,172
2021-06-01,Nova Scotia,174.1
2021-07-01,Nova Scotia,182.4
2021-08-01,Nova Scotia,180.7
2021-09-01,Nova Scotia,182
2021-10-01,Nova Scotia,191.8
2021-11-01,Nova Scotia,189.7
2021-12-01,Nova Scotia,176.1
2022-01-01,Nova Scotia,190.4
2022-02-01,Nova Scotia,207
2022-03-01,Nova Scotia,230
2022-04-01,Nova Scotia,227.4
2022-05-01,Nova Scotia,263.1
2022-06-01,Nova Scotia,279.5
2022-07-01,Nova Scotia,251.4
2022-08-01,Nova Scotia,228.9
2022-09-01,Nova Scotia,206.6
2022-10-01,Nova Scotia,224.9
2022-11-01,Nova Scotia,228.9
2022-12-01,Nova Scotia,193.9
2023-01-01,Nova Scotia,203.6
2023-02-01,Nova Scotia,203.8
2023-03-01,Nova Scotia,202
2023-04-01,Nova Scotia,219.5
2023-05-01,Nova Scotia,203.7
2023-06-01,Nova Scotia,206
2023-07-01,Nova Scotia,234.9
2023-08-01,Nova Scotia,248.7
2023-09-01,Nova Scotia,245.3
2023-10-01,Nova Scotia,224.1
2023-11-01,Nova Scotia,217.6
2023-12-01,Nova Scotia,207.8
2024-01-01,Nova Scotia,208.1
2024-02-01,Nova Scotia,216.3
2024-03-01,Nova Scotia,222.1
2024-04-01,Nova Scotia,238.9
2024-05-01,Nova Scotia,241.7
2024-06-01,Nova Scotia,230.5
2024-07-01,Nova Scotia,234.5
2024-08-01,Nova Scotia,225.4
2024-09-01,Nova Scotia,207.9
2024-10-01,Nova Scotia,208
2024-11-01,Nova Scotia,210.5
2024-12-01,Nova Scotia,207.8
2025-01-01,Nova Scotia,219.4
2025-02-01,Nova Scotia,219.4
2025-03-01,Nova Scotia,212.7
2025-04-01,Nova Scotia,188.6
2025-05-01,Nova Scotia,191.1
2025-06-01,Nova Scotia,190.4
2025-07-01,Nova Scotia,192.3
2025-08-01,Nova Scotia,196.2
2025-09-01,Nova Scotia,198.2
2017-01-01,Ontario,163.9
2017-02-01,Ontario,156.6
2017-03-01,Ontario,151.8
2017-04-01,Ontario,168.9
2017-05-01,Ontario,163.9
2017-06-01,Ontario,156.8
2017-07-01,Ontario,158.8
2017-08-01,Ontario,161.3
2017-09-01,Ontario,172.8
2017-10-01,Ontario,167.2
2017-11-01,Ontario,177.8
2017-12-01,Ontario,175.7
2018-01-01,Ontario,180.8
2018-02-01,Ontario,178.6
2018-03-01,Ontario,182.5
2018-04-01,Ontario,194.2
2018-05-01,Ontario,198.8
2018-06-01,Ontario,193.7
2018-07-01,Ontario,194.8
2018-08-01,Ontario,192
2018-09-01,Ontario,186.6
2018-10-01,Ontario,179.2
2018-11-01,Ontario,161.8
2018-12-01,Ontario,152
2019-01-01,Ontario,146.8
2019-02-01,Ontario,146.3
2019-03-01,Ontario,166.2
2019-04-01,Ontario,184
2019-05-01,Ontario,186.9
2019-06-01,Ontario,174.6
2019-07-01,Ontario,183.5
2019-08-01,Ontario,173.6
2019-09-01,Ontario,170.8
2019-10-01,Ontario,170.8
2019-11-01,Ontario,169.7
2019-12-01,Ontario,169
2020-01-01,Ontario,167.6
2020-02-01,Ontario,162.1
2020-03-01,Ontario,127.6
2020-04-01,Ontario,116.4
2020-05-01,Ontario,134
2020-06-01,Ontario,146.9
2020-07-01,Ontario,153.3
2020-08-01,Ontario,152.6
2020-09-01,Ontario,149.7
2020-10-01,Ontario,148.2
2020-11-01,Ontario,145.9
2020-12-01,Ontario,152.2
2021-01-01,Ontario,162.5
2021-02-01,Ontario,172.9
2021-03-01,Ontario,181.4
2021-04-01,Ontario,184.4
2021-05-01,Ontario,190.4
2021-06-01,Ontario,193.8
2021-07-01,Ontario,199
2021-08-01,Ontario,200.4
2021-09-01,Ontario,201.3
2021-10-01,Ontario,211.9
2021-11-01,Ontario,210.5
2021-12-01,Ontario,201
2022-01-01,Ontario,212.8
2022-02-01,Ontario,229.6
2022-03-01,Ontario,252.9
2022-04-01,Ontario,254.5
2022-05-01,Ontario,288.4
2022-06-01,Ontario,300
2022-07-01,Ontario,263.5
2022-08-01,Ontario,241.5
2022-09-01,Ontario,217.6
2022-10-01,Ontario,240
2022-11-01,Ontario,235.8
2022-12-01,Ontario,205.5
2023-01-01,Ontario,216.6
2023-02-01,Ontario,211.7
2023-03-01,Ontario,213.1
2023-04-01,Ontario,228.5
2023-05-01,Ontario,227.2
2023-06-01,Ontario,231.6
2023-07-01,Ontario,236.1
2023-08-01,Ontario,246.6
2023-09-01,Ontario,241.3
2023-10-01,Ontario,223.2
2023-11-01,Ontario,217.3
2023-12-01,Ontario,209.5
2024-01-01,Ontario,209.9
2024-02-01,Ontario,216.7
2024-03-01,Ontario,224.6
2024-04-01,Ontario,244.2
2024-05-01,Ontario,241.2
2024-06-01,Ontario,236.1
2024-07-01,Ontario,242.8
2024-08-01,Ontario,234.4
2024-09-01,Ontario,217
2024-10-01,Ontario,220.8
2024-11-01,Ontario,221.8
2024-12-01,Ontario,220.9
2025-01-01,Ontario,226.9
2025-02-01,Ontario,226.1
2025-03-01,Ontario,223.2
2025-04-01,Ontario,193
2025-05-01,Ontario,198
2025-06-01,Ontario,197.6
2025-07-01,Ontario,196.4
2025-08-01,Ontario,197.5
2025-09-01,Ontario,202.1
2017-01-01,Prince Edward Island,167.9
2017-02-01,Prince Edward Island,157.9
2017-03-01,Prince Edward Island,156
2017-04-01,Prince Edward Island,163.8
2017-05-01,Prince Edward Island,159.1
2017-06-01,Prince Edward Island,158
2017-07-01,Prince Edward Island,152.6
2017-08-01,Prince Edward Island,159.1
2017-09-01,Prince Edward Island,170.9
2017-10-01,Prince Edward Island,160.6
2017-11-01,Prince Edward Island,172.1
2017-12-01,Prince Edward Island,166
2018-01-01,Prince Edward Island,171.6
2018-02-01,Prince Edward Island,171.9
2018-03-01,Prince Edward Island,174
2018-04-01,Prince Edward Island,183.8
2018-05-01,Prince Edward Island,195.3
2018-06-01,Prince Edward Island,193.4
2018-07-01,Prince Edward Island,191.8
2018-08-01,Prince Edward Island,188.8
2018-09-01,Prince Edward Island,188.2
2018-10-01,Prince Edward Island,185.3
2018-11-01,Prince Edward Island,166.1
2018-12-01,Prince Edward Island,154.1
2019-01-01,Prince Edward Island,145.9
2019-02-01,Prince Edward Island,148.6
2019-03-01,Prince Edward Island,166
2019-04-01,Prince Edward Island,187.2
2019-05-01,Prince Edward Island,191.5
2019-06-01,Prince Edward Island,172.9
2019-07-01,Prince Edward Island,183.2
2019-08-01,Prince Edward Island,173.7
2019-09-01,Prince Edward Island,171.7
2019-10-01,Prince Edward Island,170.4
2019-11-01,Prince Edward Island,170.3
2019-12-01,Prince Edward Island,169.2
2020-01-01,Prince Edward Island,169.1
2020-02-01,Prince Edward Island,165.2
2020-03-01,Prince Edward Island,134.4
2020-04-01,Prince Edward Island,109.7
2020-05-01,Prince Edward Island,123.1
2020-06-01,Prince Edward Island,141.2
2020-07-01,Prince Edward Island,148.5
2020-08-01,Prince Edward Island,148.2
2020-09-01,Prince Edward Island,147.1
2020-10-01,Prince Edward Island,148.3
2020-11-01,Prince Edward Island,142.7
2020-12-01,Prince Edward Island,151.1
2021-01-01,Prince Edward Island,162.4
2021-02-01,Prince Edward Island,171.6
2021-03-01,Prince Edward Island,186.6
2021-04-01,Prince Edward Island,187.8
2021-05-01,Prince Edward Island,192.7
2021-06-01,Prince Edward Island,194.8
2021-07-01,Prince Edward Island,204
2021-08-01,Prince Edward Island,203.4
2021-09-01,Prince Edward Island,204.6
2021-10-01,Prince Edward Island,214
2021-11-01,Prince Edward Island,213.4
2021-12-01,Prince Edward Island,200.3
2022-01-01,Prince Edward Island,213.4
2022-02-01,Prince Edward Island,230.2
2022-03-01,Prince Edward Island,256.3
2022-04-01,Prince Edward Island,254.2
2022-05-01,Prince Edward Island,303.9
2022-06-01,Prince Edward Island,318.3
2022-07-01,Prince Edward Island,290.6
2022-08-01,Prince Edward Island,267.6
2022-09-01,Prince Edward Island,243.4
2022-10-01,Prince Edward Island,263.3
2022-11-01,Prince Edward Island,263.1
2022-12-01,Prince Edward Island,224.9
2023-01-01,Prince Edward Island,240.6
2023-02-01,Prince Edward Island,241.9
2023-03-01,Prince Edward Island,239
2023-04-01,Prince Edward Island,250.4
2023-05-01,Prince Edward Island,239.7
2023-06-01,Prince Edward Island,243
2023-07-01,Prince Edward Island,258.3
2023-08-01,Prince Edward Island,275.5
2023-09-01,Prince Edward Island,274.7
2023-10-01,Prince Edward Island,246.4
2023-11-01,Prince Edward Island,239.9
2023-12-01,Prince Edward Island,235
2024-01-01,Prince Edward Island,233.1
2024-02-01,Prince Edward Island,241.6
2024-03-01,Prince Edward Island,245.4
2024-04-01,Prince Edward Island,260.1
2024-05-01,Prince Edward Island,265
2024-06-01,Prince Edward Island,255.8
2024-07-01,Prince Edward Island,263.2
2024-08-01,Prince Edward Island,255.9
2024-09-01,Prince Edward Island,237.1
2024-10-01,Prince Edward Island,241.3
2024-11-01,Prince Edward Island,243.5
2024-12-01,Prince Edward Island,238.6
2025-01-01,Prince Edward Island,254.4
2025-02-01,Prince Edward Island,254.9
2025-03-01,Prince Edward Island,243.1
2025-04-01,Prince Edward Island,218.7
2025-05-01,Prince Edward Island,221.1
2025-06-01,Prince Edward Island,220.5
2025-07-01,Prince Edward Island,220
2025-08-01,Prince Edward Island,223.6
2025-09-01,Prince Edward Island,227.5
2017-01-01,Quebec,156.1
2017-02-01,Quebec,151.8
2017-03-01,Quebec,149.7
2017-04-01,Quebec,164.9
2017-05-01,Quebec,158
2017-06-01,Quebec,152.3
2017-07-01,Quebec,152.5
2017-08-01,Quebec,158.2
2017-09-01,Quebec,170
2017-10-01,Quebec,160.7
2017-11-01,Quebec,170.7
2017-12-01,Quebec,165.2
2018-01-01,Quebec,170.8
2018-02-01,Quebec,170.9
2018-03-01,Quebec,175.4
2018-04-01,Quebec,186.4
2018-05-01,Quebec,192.5
2018-06-01,Quebec,187.7
2018-07-01,Quebec,186.2
2018-08-01,Quebec,186.3
2018-09-01,Quebec,187
2018-10-01,Quebec,178.9
2018-11-01,Quebec,161.8
2018-12-01,Quebec,152.6
2019-01-01,Quebec,150.3
2019-02-01,Quebec,151.5
2019-03-01,Quebec,168.4
2019-04-01,Quebec,181.3
2019-05-01,Quebec,186
2019-06-01,Quebec,173.7
2019-07-01,Quebec,179.7
2019-08-01,Quebec,169.9
2019-09-01,Quebec,167
2019-10-01,Quebec,166.2
2019-11-01,Quebec,165.6
2019-12-01,Quebec,165
2020-01-01,Quebec,164.1
2020-02-01,Quebec,161.1
2020-03-01,Quebec,138.3
2020-04-01,Quebec,114.5
2020-05-01,Quebec,129.6
2020-06-01,Quebec,142.7
2020-07-01,Quebec,149.7
2020-08-01,Quebec,148.4
2020-09-01,Quebec,146.6
2020-10-01,Quebec,143.2
2020-11-01,Quebec,142.4
2020-12-01,Quebec,149
2021-01-01,Quebec,157.6
2021-02-01,Quebec,166.6
2021-03-01,Quebec,176.5
2021-04-01,Quebec,176.2
2021-05-01,Quebec,183.6
2021-06-01,Quebec,186.8
2021-07-01,Quebec,191.4
2021-08-01,Quebec,194.8
2021-09-01,Quebec,197.7
2021-10-01,Quebec,206.6
2021-11-01,Quebec,209.6
2021-12-01,Quebec,203.6
2022-01-01,Quebec,210.8
2022-02-01,Quebec,226.5
2022-03-01,Quebec,253.2
2022-04-01,Quebec,250.3
2022-05-01,Quebec,285.9
2022-06-01,Quebec,302.4
2022-07-01,Quebec,276.8
2022-08-01,Quebec,256.1
2022-09-01,Quebec,224.8
2022-10-01,Quebec,237.7
2022-11-01,Quebec,241.8
2022-12-01,Quebec,211.2
2023-01-01,Quebec,221.1
2023-02-01,Quebec,218.4
2023-03-01,Quebec,219.5
2023-04-01,Quebec,231.3
2023-05-01,Quebec,232.3
2023-06-01,Quebec,237.5
2023-07-01,Quebec,238.3
2023-08-01,Quebec,251.5
2023-09-01,Quebec,249.5
2023-10-01,Quebec,234.3
2023-11-01,Quebec,225.2
2023-12-01,Quebec,218.8
2024-01-01,Quebec,218.3
2024-02-01,Quebec,223.6
2024-03-01,Quebec,225.9
2024-04-01,Quebec,243.2
2024-05-01,Quebec,243
2024-06-01,Quebec,233.3
2024-07-01,Quebec,238.9
2024-08-01,Quebec,231.1
2024-09-01,Quebec,214.3
2024-10-01,Quebec,212.4
2024-11-01,Quebec,215.1
2024-12-01,Quebec,214.8
2025-01-01,Quebec,221.2
2025-02-01,Quebec,218.9
2025-03-01,Quebec,214
2025-04-01,Quebec,213.7
2025-05-01,Quebec,214.8
2025-06-01,Quebec,212.9
2025-07-01,Quebec,209.6
2025-08-01,Quebec,212.1
2025-09-01,Quebec,220.1
2017-01-01,Saskatchewan,143
2017-02-01,Saskatchewan,131.8
2017-03-01,Saskatchewan,130.7
2017-04-01,Saskatchewan,142.6
2017-05-01,Saskatchewan,134.1
2017-06-01,Saskatchewan,130.5
2017-07-01,Saskatchewan,132
2017-08-01,Saskatchewan,134.7
2017-09-01,Saskatchewan,140
2017-10-01,Saskatchewan,138.5
2017-11-01,Saskatchewan,153.9
2017-12-01,Saskatchewan,146.1
2018-01-01,Saskatchewan,150
2018-02-01,Saskatchewan,145.8
2018-03-01,Saskatchewan,152.2
2018-04-01,Saskatchewan,164.2
2018-05-01,Saskatchewan,172.7
2018-06-01,Saskatchewan,172.1
2018-07-01,Saskatchewan,175.1
2018-08-01,Saskatchewan,171.6
2018-09-01,Saskatchewan,170.1
2018-10-01,Saskatchewan,169.9
2018-11-01,Saskatchewan,157.4
2018-12-01,Saskatchewan,140.3
2019-01-01,Saskatchewan,132.4
2019-02-01,Saskatchewan,142
2019-03-01,Saskatchewan,155
2019-04-01,Saskatchewan,177.3
2019-05-01,Saskatchewan,176.2
2019-06-01,Saskatchewan,163.2
2019-07-01,Saskatchewan,163
2019-08-01,Saskatchewan,154.7
2019-09-01,Saskatchewan,151.9
2019-10-01,Saskatchewan,154.2
2019-11-01,Saskatchewan,147.2
2019-12-01,Saskatchewan,150.6
2020-01-01,Saskatchewan,153.3
2020-02-01,Saskatchewan,148.6
2020-03-01,Saskatchewan,122.8
2020-04-01,Saskatchewan,97.5
2020-05-01,Saskatchewan,121.2
2020-06-01,Saskatchewan,135.1
2020-07-01,Saskatchewan,143.8
2020-08-01,Saskatchewan,142.5
2020-09-01,Saskatchewan,144.6
2020-10-01,Saskatchewan,140.8
2020-11-01,Saskatchewan,138
2020-12-01,Saskatchewan,140.1
2021-01-01,Saskatchewan,145.2
2021-02-01,Saskatchewan,154.5
2021-03-01,Saskatchewan,167.6
2021-04-01,Saskatchewan,177.4
2021-05-01,Saskatchewan,176.8
2021-06-01,Saskatchewan,177.7
2021-07-01,Saskatchewan,184.1
2021-08-01,Saskatchewan,184.2
2021-09-01,Saskatchewan,184.4
2021-10-01,Saskatchewan,197.4
2021-11-01,Saskatchewan,200
2021-12-01,Saskatchewan,183.3
2022-01-01,Saskatchewan,190.5
2022-02-01,Saskatchewan,203.5
2022-03-01,Saskatchewan,234.4
2022-04-01,Saskatchewan,233
2022-05-01,Saskatchewan,252
2022-06-01,Saskatchewan,282.3
2022-07-01,Saskatchewan,262.9
2022-08-01,Saskatchewan,218.3
2022-09-01,Saskatchewan,218.2
2022-10-01,Saskatchewan,246.8
2022-11-01,Saskatchewan,222
2022-12-01,Saskatchewan,196.2
2023-01-01,Saskatchewan,205
2023-02-01,Saskatchewan,203.8
2023-03-01,Saskatchewan,213.2
2023-04-01,Saskatchewan,221.7
2023-05-01,Saskatchewan,219.6
2023-06-01,Saskatchewan,219.8
2023-07-01,Saskatchewan,215.4
2023-08-01,Saskatchewan,223.3
2023-09-01,Saskatchewan,222
2023-10-01,Saskatchewan,214.2
2023-11-01,Saskatchewan,203.1
2023-12-01,Saskatchewan,187.9
2024-01-01,Saskatchewan,183.2
2024-02-01,Saskatchewan,194
2024-03-01,Saskatchewan,210.5
2024-04-01,Saskatchewan,219
2024-05-01,Saskatchewan,215.4
2024-06-01,Saskatchewan,213
2024-07-01,Saskatchewan,222.1
2024-08-01,Saskatchewan,228.2
2024-09-01,Saskatchewan,208.6
2024-10-01,Saskatchewan,205.2
2024-11-01,Saskatchewan,202.4
2024-12-01,Saskatchewan,202.6
2025-01-01,Saskatchewan,210.1
2025-02-01,Saskatchewan,217.1
2025-03-01,Saskatchewan,214.2
2025-04-01,Saskatchewan,190.5
2025-05-01,Saskatchewan,188.5
2025-06-01,Saskatchewan,187.1
2025-07-01,Saskatchewan,185.4
2025-08-01,Saskatchewan,190.3
2025-09-01,Saskatchewan,193.3
2017-01-01,"Whitehorse, Yukon",145.9
2017-02-01,"Whitehorse, Yukon",146.7
2017-03-01,"Whitehorse, Yukon",146.7
2017-04-01,"Whitehorse, Yukon",146.5
2017-05-01,"Whitehorse, Yukon",144.1
2017-06-01,"Whitehorse, Yukon",139.9
2017-07-01,"Whitehorse, Yukon",136.8
2017-08-01,"Whitehorse, Yukon",131.5
2017-09-01,"Whitehorse, Yukon",140
2017-10-01,"Whitehorse, Yukon",134.4
2017-11-01,"Whitehorse, Yukon",150.8
2017-12-01,"Whitehorse, Yukon",147.8
2018-01-01,"Whitehorse, Yukon",144.2
2018-02-01,"Whitehorse, Yukon",144.2
2018-03-01,"Whitehorse, Yukon",144.2
2018-04-01,"Whitehorse, Yukon",155.4
2018-05-01,"Whitehorse, Yukon",169
2018-06-01,"Whitehorse, Yukon",172
2018-07-01,"Whitehorse, Yukon",172
2018-08-01,"Whitehorse, Yukon",172
2018-09-01,"Whitehorse, Yukon",171
2018-10-01,"Whitehorse, Yukon",171.8
2018-11-01,"Whitehorse, Yukon",166.7
2018-12-01,"Whitehorse, Yukon",148.3
2019-01-01,"Whitehorse, Yukon",148.3
2019-02-01,"Whitehorse, Yukon",148.3
2019-03-01,"Whitehorse, Yukon",154.1
2019-04-01,"Whitehorse, Yukon",163.7
2019-05-01,"Whitehorse, Yukon",163.5
2019-06-01,"Whitehorse, Yukon",163.5
2019-07-01,"Whitehorse, Yukon",169
2019-08-01,"Whitehorse, Yukon",169.6
2019-09-01,"Whitehorse, Yukon",169.5
2019-10-01,"Whitehorse, Yukon",169.6
2019-11-01,"Whitehorse, Yukon",169.6
2019-12-01,"Whitehorse, Yukon",169.4
2020-01-01,"Whitehorse, Yukon",169.6
2020-02-01,"Whitehorse, Yukon",169.1
2020-03-01,"Whitehorse, Yukon",149
2020-04-01,"Whitehorse, Yukon",120
2020-05-01,"Whitehorse, Yukon",122.4
2020-06-01,"Whitehorse, Yukon",137
2020-07-01,"Whitehorse, Yukon",142.4
2020-08-01,"Whitehorse, Yukon",142.4
2020-09-01,"Whitehorse, Yukon",142.3
2020-10-01,"Whitehorse, Yukon",142.4
2020-11-01,"Whitehorse, Yukon",142.4
2020-12-01,"Whitehorse, Yukon",142.4
2021-01-01,"Whitehorse, Yukon",147.4
2021-02-01,"Whitehorse, Yukon",150.9
2021-03-01,"Whitehorse, Yukon",157.7
2021-04-01,"Whitehorse, Yukon",165.9
2021-05-01,"Whitehorse, Yukon",168.1
2021-06-01,"Whitehorse, Yukon",172
2021-07-01,"Whitehorse, Yukon",176.7
2021-08-01,"Whitehorse, Yukon",183.4
2021-09-01,"Whitehorse, Yukon",184.8
2021-10-01,"Whitehorse, Yukon",185
2021-11-01,"Whitehorse, Yukon",185
2021-12-01,"Whitehorse, Yukon",185
2022-01-01,"Whitehorse, Yukon",186.5
2022-02-01,"Whitehorse, Yukon",195.1
2022-03-01,"Whitehorse, Yukon",209.9
2022-04-01,"Whitehorse, Yukon",216.8
2022-05-01,"Whitehorse, Yukon",239.7
2022-06-01,"Whitehorse, Yukon",257.3
2022-07-01,"Whitehorse, Yukon",247.1
2022-08-01,"Whitehorse, Yukon",221.2
2022-09-01,"Whitehorse, Yukon",220.8
2022-10-01,"Whitehorse, Yukon",237
2022-11-01,"Whitehorse, Yukon",220.9
2022-12-01,"Whitehorse, Yukon",206.9
2023-01-01,"Whitehorse, Yukon",201.2
2023-02-01,"Whitehorse, Yukon",199
2023-03-01,"Whitehorse, Yukon",200.7
2023-04-01,"Whitehorse, Yukon",217.1
2023-05-01,"Whitehorse, Yukon",218.1
2023-06-01,"Whitehorse, Yukon",218.2
2023-07-01,"Whitehorse, Yukon",218.2
2023-08-01,"Whitehorse, Yukon",227.1
2023-09-01,"Whitehorse, Yukon",229.7
2023-10-01,"Whitehorse, Yukon",227.4
2023-11-01,"Whitehorse, Yukon",225.3
2023-12-01,"Whitehorse, Yukon",212.8
2024-01-01,"Whitehorse, Yukon",201.7
2024-02-01,"Whitehorse, Yukon",201.7
2024-03-01,"Whitehorse, Yukon",210.4
2024-04-01,"Whitehorse, Yukon",224.3
2024-05-01,"Whitehorse, Yukon",225.3
2024-06-01,"Whitehorse, Yukon",225.3
2024-07-01,"Whitehorse, Yukon",225.3
2024-08-01,"Whitehorse, Yukon",225.3
2024-09-01,"Whitehorse, Yukon",220
2024-10-01,"Whitehorse, Yukon",219.4
2024-11-01,"Whitehorse, Yukon",219.4
2024-12-01,"Whitehorse, Yukon",215.4
2025-01-01,"Whitehorse, Yukon",213.5
2025-02-01,"Whitehorse, Yukon",219.4
2025-03-01,"Whitehorse, Yukon",215.5
2025-04-01,"Whitehorse, Yukon",192.2
2025-05-01,"Whitehorse, Yukon",192.2
2025-06-01,"Whitehorse, Yukon",192.2
2025-07-01,"Whitehorse, Yukon",192.2
2025-08-01,"Whitehorse, Yukon",192.2
2025-09-01,"Whitehorse, Yukon",192.2
2017-01-01,"Yellowknife, Northwest Territories",139.5
2017-02-01,"Yellowknife, Northwest Territories",135.9
2017-03-01,"Yellowknife, Northwest Territories",135
2017-04-01,"Yellowknife, Northwest Territories",135.1
2017-05-01,"Yellowknife, Northwest Territories",134
2017-06-01,"Yellowknife, Northwest Territories",133.7
2017-07-01,"Yellowknife, Northwest Territories",130.9
2017-08-01,"Yellowknife, Northwest Territories",131.1
2017-09-01,"Yellowknife, Northwest Territories",131.4
2017-10-01,"Yellowknife, Northwest Territories",130.8
2017-11-01,"Yellowknife, Northwest Territories",141
2017-12-01,"Yellowknife, Northwest Territories",140
2018-01-01,"Yellowknife, Northwest Territories",140.8
2018-02-01,"Yellowknife, Northwest Territories",140.5
2018-03-01,"Yellowknife, Northwest Territories",140.5
2018-04-01,"Yellowknife, Northwest Territories",147.3
2018-05-01,"Yellowknife, Northwest Territories",156.7
2018-06-01,"Yellowknife, Northwest Territories",161.9
2018-07-01,"Yellowknife, Northwest Territories",164.9
2018-08-01,"Yellowknife, Northwest Territories",166.3
2018-09-01,"Yellowknife, Northwest Territories",167.2
2018-10-01,"Yellowknife, Northwest Territories",166.7
2018-11-01,"Yellowknife, Northwest Territories",160.4
2018-12-01,"Yellowknife, Northwest Territories",147.4
2019-01-01,"Yellowknife, Northwest Territories",137
2019-02-01,"Yellowknife, Northwest Territories",137.7
2019-03-01,"Yellowknife, Northwest Territories",143.7
2019-04-01,"Yellowknife, Northwest Territories",153.8
2019-05-01,"Yellowknife, Northwest Territories",163.2
2019-06-01,"Yellowknife, Northwest Territories",158.4
2019-07-01,"Yellowknife, Northwest Territories",153.7
2019-08-01,"Yellowknife, Northwest Territories",150.5
2019-09-01,"Yellowknife, Northwest Territories",152.7
2019-10-01,"Yellowknife, Northwest Territories",152.6
2019-11-01,"Yellowknife, Northwest Territories",151.1
2019-12-01,"Yellowknife, Northwest Territories",150.7
2020-01-01,"Yellowknife, Northwest Territories",148.4
2020-02-01,"Yellowknife, Northwest Territories",146
2020-03-01,"Yellowknife, Northwest Territories",128.7
2020-04-01,"Yellowknife, Northwest Territories",108.5
2020-05-01,"Yellowknife, Northwest Territories",110.8
2020-06-01,"Yellowknife, Northwest Territories",125.4
2020-07-01,"Yellowknife, Northwest Territories",131.6
2020-08-01,"Yellowknife, Northwest Territories",133.4
2020-09-01,"Yellowknife, Northwest Territories",134.2
2020-10-01,"Yellowknife, Northwest Territories",137.3
2020-11-01,"Yellowknife, Northwest Territories",136.1
2020-12-01,"Yellowknife, Northwest Territories",136.1
2021-01-01,"Yellowknife, Northwest Territories",138.9
2021-02-01,"Yellowknife, Northwest Territories",142.2
2021-03-01,"Yellowknife, Northwest Territories",149.2
2021-04-01,"Yellowknife, Northwest Territories",155.2
2021-05-01,"Yellowknife, Northwest Territories",161.1
2021-06-01,"Yellowknife, Northwest Territories",163.6
2021-07-01,"Yellowknife, Northwest Territories",168.7
2021-08-01,"Yellowknife, Northwest Territories",171.2
2021-09-01,"Yellowknife, Northwest Territories",171.4
2021-10-01,"Yellowknife, Northwest Territories",172.2
2021-11-01,"Yellowknife, Northwest Territories",174.7
2021-12-01,"Yellowknife, Northwest Territories",173.2
2022-01-01,"Yellowknife, Northwest Territories",173.2
2022-02-01,"Yellowknife, Northwest Territories",180.7
2022-03-01,"Yellowknife, Northwest Territories",200.6
2022-04-01,"Yellowknife, Northwest Territories",199.2
2022-05-01,"Yellowknife, Northwest Territories",213.6
2022-06-01,"Yellowknife, Northwest Territories",237.6
2022-07-01,"Yellowknife, Northwest Territories",228.4
2022-08-01,"Yellowknife, Northwest Territories",202.3
2022-09-01,"Yellowknife, Northwest Territories",198.7
2022-10-01,"Yellowknife, Northwest Territories",205.8
2022-11-01,"Yellowknife, Northwest Territories",198.9
2022-12-01,"Yellowknife, Northwest Territories",181.4
2023-01-01,"Yellowknife, Northwest Territories",180.6
2023-02-01,"Yellowknife, Northwest Territories",183.6
2023-03-01,"Yellowknife, Northwest Territories",185.5
2023-04-01,"Yellowknife, Northwest Territories",190.7
2023-05-01,"Yellowknife, Northwest Territories",189.7
2023-06-01,"Yellowknife, Northwest Territories",190.7
2023-07-01,"Yellowknife, Northwest Territories",190.6
2023-08-01,"Yellowknife, Northwest Territories",191
2023-09-01,"Yellowknife, Northwest Territories",191
2023-10-01,"Yellowknife, Northwest Territories",191.9
2023-11-01,"Yellowknife, Northwest Territories",192.7
2023-12-01,"Yellowknife, Northwest Territories",186.7
2024-01-01,"Yellowknife, Northwest Territories",179.9
2024-02-01,"Yellowknife, Northwest Territories",179.4
2024-03-01,"Yellowknife, Northwest Territories",180.2
2024-04-01,"Yellowknife, Northwest Territories",184.7
2024-05-01,"Yellowknife, Northwest Territories",186.1
2024-06-01,"Yellowknife, Northwest Territories",186.2
2024-07-01,"Yellowknife, Northwest Territories",188.4
2024-08-01,"Yellowknife, Northwest Territories",186.4
2024-09-01,"Yellowknife, Northwest Territories",186.2
2024-10-01,"Yellowknife, Northwest Territories",185.7
2024-11-01,"Yellowknife, Northwest Territories",186.4
2024-12-01,"Yellowknife, Northwest Territories",185.5
2025-01-01,"Yellowknife, Northwest Territories",186.1
2025-02-01,"Yellowknife, Northwest Territories",185.9
2025-03-01,"Yellowknife, Northwest Territories",186.2
2025-04-01,"Yellowknife, Northwest Territories",165.7
2025-05-01,"Yellowknife, Northwest Territories",163
2025-06-01,"Yellowknife, Northwest Territories",164.6
2025-07-01,"Yellowknife, Northwest Territories",165.6
2025-08-01,"Yellowknife, Northwest Territories",166.7
2025-09-01,"Yellowknife, Northwest Territories",167.1